<?xml version="1.0" encoding="UTF-8" standalone="yes"?>
<addon id="repository.superflix" name="Super Flix Repo" version="1.0.3" provider-name="Super Flix">
    <extension point="xbmc.addon.repository" name="PrimePlay.py">
        <info compressed="false">https://raw.githubusercontent.com/superflix2023/superflix2023/master/addons.xml</info>
		<checksum>https://raw.githubusercontent.com/superflix2023/superflix2023/master/addons.xml.md5</checksum>
		<datadir zip="true">https://raw.githubusercontent.com/superflix2023/superflix2023/master/repo</datadir>
    </extension>
    <extension point="xbmc.addon.metadata">
        <summary>Super Flix</summary>
        <description>Filmes, series, desenhos</description>
        <platform>all</platform>
    </extension>
</addon>

